Samples,Runtime_sec
20,10.935888290405273
50,51.09741973876953
100,188.47537231445312
200,371.7824397087097
